{"Algorithm":{"0":"Random Forest","1":"SVM","2":"Logistic Regression","3":"BernoulliNB","4":"1D CNN","5":"GradientBoostingClassifier","6":"Ada Boost Classifier forest","7":"1D CNN","8":"1D CNN","9":"1D CNN","10":"1D CNN","11":"1D CNN","12":"1D CNN","13":"1D CNN","14":"1D CNN","15":"1D CNN","16":"1D CNN","17":"1D CNN"},"Accuracy":{"0":0.9009174312,"1":0.9596330275,"2":0.9596330275,"3":0.8935779817,"4":0.7137614679,"5":0.9669724771,"6":0.8110091743,"7":0.7137614679,"8":0.7137614679,"9":0.7137614679,"10":0.7137614679,"11":0.7137614679,"12":0.7137614679,"13":0.7137614679,"14":0.7137614679,"15":0.7137614679,"16":0.7137614679,"17":0.7137614679},"Precision":{"0":0.9462365591,"1":0.9576547231,"2":0.9606557377,"3":0.9328621908,"4":0.8075313808,"5":0.9641693811,"6":0.7525252525,"7":0.8075313808,"8":0.8075313808,"9":0.8075313808,"10":0.8075313808,"11":0.8075313808,"12":0.8075313808,"13":0.8075313808,"14":0.8075313808,"15":0.8075313808,"16":0.8075313808,"17":0.8075313808},"F1 score":{"0":0.9072164948,"1":0.9639344262,"2":0.9638157895,"3":0.9010238908,"4":0.7121771218,"5":0.9704918033,"6":0.8526466381,"7":0.7121771218,"8":0.7121771218,"9":0.7121771218,"10":0.7121771218,"11":0.7121771218,"12":0.7121771218,"13":0.7121771218,"14":0.7121771218,"15":0.7121771218,"16":0.7121771218,"17":0.7121771218},"Sensitivity":{"0":0.8712871287,"1":0.9702970297,"2":0.9669966997,"3":0.8712871287,"4":0.6369636964,"5":0.9768976898,"6":0.9834983498,"7":0.6369636964,"8":0.6369636964,"9":0.6369636964,"10":0.6369636964,"11":0.6369636964,"12":0.6369636964,"13":0.6369636964,"14":0.6369636964,"15":0.6369636964,"16":0.6369636964,"17":0.6369636964},"Specificity":{"0":0.1287128713,"1":0.0297029703,"2":0.0330033003,"3":0.1287128713,"4":0.3630363036,"5":0.0231023102,"6":0.0165016502,"7":0.3630363036,"8":0.3630363036,"9":0.3630363036,"10":0.3630363036,"11":0.3630363036,"12":0.3630363036,"13":0.3630363036,"14":0.3630363036,"15":0.3630363036,"16":0.3630363036,"17":0.3630363036},"AUC":{"0":0.9046518288,"1":0.9582890107,"2":0.9587049614,"3":0.896387366,"4":0.7234405259,"5":0.9657215722,"6":0.7892698361,"7":0.7234405259,"8":0.7234405259,"9":0.7234405259,"10":0.7234405259,"11":0.7234405259,"12":0.7234405259,"13":0.7234405259,"14":0.7234405259,"15":0.7234405259,"16":0.7234405259,"17":0.7234405259}}